match_id,team,impact,description
FRA-SEN-A,France,positive,小组排名压力较高，若争取头名可避开更强淘汰赛路径
FRA-SEN-A,France,negative,核心边锋训练负荷受控，进攻端爆点存在不确定性
FRA-SEN-A,Senegal,positive,反击速度优势明显，面对高位压迫时有机会制造转换进攻
BRA-GER-B,Brazil,positive,前场创造力稳定，近期进攻数据更好
BRA-GER-B,Germany,positive,定位球质量较高，能弥补运动战效率波动
ARG-ENG-C,Argentina,positive,中场控制力较强，领先后比赛节奏管理能力好
ARG-ENG-C,England,negative,边路防守对位压力较大，可能影响防线站位
POR-UZB-K,Portugal,positive,小组出线竞争中净胜球价值较高，强队有动力保持进攻强度
POR-UZB-K,Uzbekistan,positive,弱势一方若长时间守住低比分，反击和定位球会提高冷门概率
POR-UZB-K,Portugal,negative,若过早领先可能轮换控节奏，后段进球期望会下降
ENG-GHA-L,England,positive,首轮击败克罗地亚后出线形势有利，本场争胜可基本锁定晋级主动权
ENG-GHA-L,Ghana,positive,加纳已拿到关键积分，反击速度会给英格兰防线制造压力
ENG-GHA-L,England,negative,防守端仍需降低丢失球权后的回追压力
PAN-CRO-L,Croatia,positive,克罗地亚需要拿分巩固小组排名，中场经验有利于控制比赛节奏
PAN-CRO-L,Panama,positive,巴拿马身体对抗强，若比赛被拖入低节奏会提高平局概率
COL-COD-K,Colombia,positive,哥伦比亚边路推进和二点球能力更稳定，主动进攻空间更大
COL-COD-K,Congo DR,positive,刚果民主共和国身体条件突出，定位球和长传冲击是主要冷门路径
SUI-CAN-B,Switzerland,positive,瑞士阵型纪律稳定，适合控制中低节奏比赛
SUI-CAN-B,Canada,positive,加拿大边路速度和转换冲击能放大反击威胁
BIH-QAT-C,Bosnia and Herzegovina,positive,波黑定位球和高点优势是主要破局路径
BIH-QAT-C,Qatar,positive,卡塔尔若能降低比赛节奏，有机会把比赛拖入均势
SCO-BRA-C,Brazil,positive,巴西前场个人能力和转换质量明显更高
SCO-BRA-C,Scotland,positive,苏格兰身体对抗和定位球能提高冷门路径
MAR-HAI-B,Morocco,positive,摩洛哥攻守平衡更好，边路压迫有利于制造连续机会
MAR-HAI-B,Haiti,positive,海地反击速度是主要威胁，低比分能提高爆冷可能
CZE-MEX-A,Mexico,positive,墨西哥主场氛围和前场压迫会增强开局强度
CZE-MEX-A,Czechia,positive,捷克身体对抗和定位球质量有机会制造高价值机会
RSA-KOR-H,Korea Republic,positive,韩国前场跑动和快速转移更适合拉开空间
RSA-KOR-H,South Africa,positive,南非若稳住低位防守，反击和定位球会提高不败概率
